Workbook

Sheet Trainee Tracker
A1: FacilityPro Academy | DVG Facilities Management — Trainee Training Tracker v4.0
A2: Aligned to 7-Phase Intermediate Programme | Platform: ConnectTeams (until Eagle IO launch) | Controlled Document: FPA-TT-TRACK-001
A3: Trainee Name | B3: Role | C3: Start Date | D3: Documentation Complete | E3: Online Training | F3: Phase 1 Foundations | G3: Phase 2 SOP Exec | H3: Phase 3 Crew Ops | I3: Phase 4 Cust. Exp | J3: Phase 5 Quality | K3: Phase 6 H&S | L3: Phase 7 Leadership | M3: Written Check (80%) | N3: Programme Status | O3: Certification Date | P3: Current Phase | Q3: Performance Rating | R3: Eagle IO ID | S3: Notes / Comments
A4: J. Smith | B4: Operative | C4: 15/01/2026 | D4: Yes | E4: Yes | F4: Pass | G4: Pass | H4: Pass | I4: Pass | J4: Pass | K4: Pass | L4: Pass | M4: 84% | N4: CERTIFIED | O4: 15/04/2026 | P4: Complete | Q4: Good | R4: DVG-0042 | S4: Completed full programme. Strong on quality control.

Sheet Phase Detail
A1: FacilityPro Academy — Phase-by-Phase Detail Tracker
A2: Record date completed and supervisor sign-off for each phase | Use alongside the Programme Completion Record (Appendix A10)
A3: Trainee Name | B3: Phase 1 Date Passed | C3: Phase 1 Supervisor | D3: Phase 2 Date Passed | E3: Phase 2 Supervisor | F3: Phase 3 Date Passed | G3: Phase 3 Supervisor | H3: Phase 4 Date Passed | I3: Phase 4 Supervisor | J3: Phase 5 Date Passed | K3: Phase 5 Supervisor | L3: Phase 6 Date Passed | M3: Phase 6 Supervisor | N3: Phase 7 Date Passed | O3: Phase 7 Supervisor | P3: Written Check Score (%) | Q3: Written Check Date | R3: Programme Complete | S3: Certification Date

Sheet Remediation Log
A1: FacilityPro Academy — Remediation Log
A2: Trainee Name | B2: Phase | C2: Date Failed | D2: Specific Criteria Not Met | E2: Coaching Action Taken | F2: Re-assessment Date | G2: Re-assessment Result | H2: Escalated (Yes/No) | I2: Escalation Date | J2: Notes

Sheet Dashboard
A1: FacilityPro Academy — Training Dashboard
A2: Auto-calculated from Trainee Tracker sheet | Update by entering data in the Trainee Tracker
A4: PROGRAMME STATUS SUMMARY | D4: PHASE PASS RATES
A5: Total Trainees (active rows) | B5: =COUNTA('Trainee Tracker'!A5:A30) -> 0 | D5: Phase 1 — Foundations | E5: =IFERROR(COUNTIF('Trainee Tracker'!F5:F30,"Pass")/COUNTA('Trainee Tracker'!F5:F30),0) -> 0
A6: Certified | B6: =COUNTIF('Trainee Tracker'!N5:N30,"CERTIFIED") -> 0 | D6: Phase 2 — SOP Execution | E6: =IFERROR(COUNTIF('Trainee Tracker'!G5:G30,"Pass")/COUNTA('Trainee Tracker'!G5:G30),0) -> 0
A7: In Training | B7: =COUNTIF('Trainee Tracker'!N5:N30,"IN TRAINING") -> 0 | D7: Phase 3 — Crew Operations | E7: =IFERROR(COUNTIF('Trainee Tracker'!H5:H30,"Pass")/COUNTA('Trainee Tracker'!H5:H30),0) -> 0
A8: In Remediation | B8: =COUNTIF('Trainee Tracker'!N5:N30,"REMEDIATION") -> 0 | D8: Phase 4 — Customer Experience | E8: =IFERROR(COUNTIF('Trainee Tracker'!I5:I30,"Pass")/COUNTA('Trainee Tracker'!I5:I30),0) -> 0
A9: On Hold | B9: =COUNTIF('Trainee Tracker'!N5:N30,"ON HOLD") -> 0 | D9: Phase 5 — Quality Control | E9: =IFERROR(COUNTIF('Trainee Tracker'!J5:J30,"Pass")/COUNTA('Trainee Tracker'!J5:J30),0) -> 0
A10: Not Started | B10: =COUNTIF('Trainee Tracker'!N5:N30,"NOT STARTED") -> 0 | D10: Phase 6 — Health & Safety | E10: =IFERROR(COUNTIF('Trainee Tracker'!K5:K30,"Pass")/COUNTA('Trainee Tracker'!K5:K30),0) -> 0
D11: Phase 7 — Leadership | E11: =IFERROR(COUNTIF('Trainee Tracker'!L5:L30,"Pass")/COUNTA('Trainee Tracker'!L5:L30),0) -> 0
A14: PERFORMANCE RATING SUMMARY | D14: KEY METRICS
A15: Excellent | B15: =COUNTIF('Trainee Tracker'!Q5:Q30,"Excellent") -> 0 | D15: Certification Rate | E15: =IFERROR(COUNTIF('Trainee Tracker'!N5:N30,"CERTIFIED")/COUNTA('Trainee Tracker'!A5:A30),0) -> 0
A16: Good | B16: =COUNTIF('Trainee Tracker'!Q5:Q30,"Good") -> 0 | D16: Remediation Rate | E16: =IFERROR(COUNTIF('Trainee Tracker'!N5:N30,"REMEDIATION")/COUNTA('Trainee Tracker'!A5:A30),0) -> 0
A17: Satisfactory | B17: =COUNTIF('Trainee Tracker'!Q5:Q30,"Satisfactory") -> 0 | D17: Active Remediations | E17: =COUNTIF('Remediation Log'!G3:G30,"Pending") -> 0
A18: Needs Improvement | B18: =COUNTIF('Trainee Tracker'!Q5:Q30,"Needs Improvement") -> 0
A19: Unsatisfactory | B19: =COUNTIF('Trainee Tracker'!Q5:Q30,"Unsatisfactory") -> 0
A22: Note: All values auto-calculate from the Trainee Tracker and Remediation Log sheets. Do not edit this sheet directly.

Sheet Reference
A1: FacilityPro Academy — Training Phase Reference
A3: Phase | B3: Title | C3: Key Content
A4: Phase 1 | B4: Foundations & Standardisation | C4: Excellence Standard, Dry/Wet workflows, colour coding, chemical usage, dwell times, Eagle IO reporting
A5: Phase 2 | B5: Pilot-Style SOP Execution | C5: 5-Stage Sequence, stage transition callouts, challenge-and-response checklists, variance decision tree, no-go criteria
A6: Phase 3 | B6: Applied Crew Operations | C6: Dry/Wet split, solo vs team sequence, opposite-direction method, role rotation, 10-minute rule, cumulative simulation
A7: Phase 4 | B7: Customer Experience Excellence | C7: Conduct standards, Invisible Crew principle, client scripts, escalation protocol, Wow Checklist, cumulative simulation
A8: Phase 5 | B8: Quality Control & Self-Inspection | C8: Zone Sign-Off protocol, common faults and corrections, benchmark tests, planted fault exercise, cumulative simulation
A9: Phase 6 | B9: Health & Safety | C9: Lone working, earphone policy, occupied sites, safe driving, zero tolerance policy, H&S integration simulation
A10: Phase 7 | B10: Leadership & Replication | C10: Ownership mindset, Train-by-Show method, Supervisor Lens, escalation readiness, failure-mode scenarios, teach-back
A11: Written Check | B11: Final Knowledge Assessment | C11: 60 marks across 7 sections. Pass mark: 48 (80%). Covers all phases. Re-test on failed sections within one week.
A14: STATUS DEFINITIONS
A15: Status | B15: Definition
A16: CERTIFIED | B16: Completed all 7 phases and passed the written knowledge check at 80% or above
A17: IN TRAINING | B17: Currently progressing through the programme — check Current Phase column for position
A18: REMEDIATION | B18: Failed one or more assessment criteria — receiving targeted coaching before re-assessment
A19: ON HOLD | B19: Training paused due to absence, operational requirements, or pending investigation
A20: NOT STARTED | B20: Registered but has not yet commenced Phase 1
